{
    "keyboard" : {
        "config" : {
            "name" : "KEYBOARD",
            "spriteset" : "keyboard",
            "gridw" : 4,
            "gridh" : 2
        },
        "inputs" : {
            "BTN1" : {
                "display" : "Z",
                "gridx" : 2,
                "gridy" : 1,
                "offx" : 16,
                "offy" : 0,
                "spridx" : 0
            },
            "BTN2" : {
                "display" : "X",
                "gridx" : 3,
                "gridy" : 1,
                "offx" : 16,
                "offy" : 0,
                "spridx" : 0
            },
            "BTN3" : {
                "display" : "A",
                "gridx" : 2,
                "gridy" : 0,
                "offx" : 0,
                "offy" : 0,
                "spridx" : 0
            },
            "BTN4" : {
                "display" : "S",
                "gridx" : 3,
                "gridy" : 0,
                "offx" : 0,
                "offy" : 0,
                "spridx" : 0
            },
            "BTN5" : {
                "display" : "SHIFT",
                "gridx" : 0,
                "gridy" : 1,
                "offx" : 0,
                "offy" : 0,
                "spridx" : 1
            }
        }
    },
    "gamepad_xbox" : {
        "config" : {
            "name" : "GAMEPAD : XBOX",
            "spriteset" : "gamepad_xbox",
            "gridw" : 5,
            "gridh" : 2
        },
        "inputs" : {
            "BTN1" : {
                "display" : "A",
                "gridx" : 1,
                "gridy" : 1,
                "offx" : 0,
                "offy" : 16,
                "spridx" : 0
            },
            "BTN2" : {
                "display" : "B",
                "gridx" : 2,
                "gridy" : 1,
                "offx" : 0,
                "offy" : -16,
                "spridx" : 0
            },
            "BTN3" : {
                "display" : "X",
                "gridx" : 0,
                "gridy" : 1,
                "offx" : 0,
                "offy" : -16,
                "spridx" : 0
            },
            "BTN4" : {
                "display" : "Y",
                "gridx" : 1,
                "gridy" : 0,
                "offx" : 0,
                "offy" : 0,
                "spridx" : 0
            },
            "BTN5" : {
                "display" : "L/R TRG.",
                "gridx" : 3,
                "gridy" : 1,
                "offx" : 16,
                "offy" : 0,
                "spridx" : 1
            }
        }
    },
    "gamepad_ps" : {
        "config" : {
            "name" : "GAMEPAD : DUALSHOCK",
            "spriteset" : "gamepad_ps",
            "gridw" : 5,
            "gridh" : 2
        },
        "inputs" : {
            "BTN1" : {
                "display" : "□",
                "gridx" : 0,
                "gridy" : 1,
                "offx" : 0,
                "offy" : -16,
                "spridx" : 0
            },
            "BTN2" : {
                "display" : "△",
                "gridx" : 1,
                "gridy" : 0,
                "offx" : 0,
                "offy" : 0,
                "spridx" : 0
            },
            "BTN3" : {
                "display" : "X",
                "gridx" : 1,
                "gridy" : 1,
                "offx" : 0,
                "offy" : 16,
                "spridx" : 0
            },
            "BTN4" : {
                "display" : "ㅇ",
                "gridx" : 2,
                "gridy" : 1,
                "offx" : 0,
                "offy" : -16,
                "spridx" : 0
            },
            "BTN5" : {
                "display" : "L/R TRG.",
                "gridx" : 3,
                "gridy" : 1,
                "offx" : 16,
                "offy" : 0,
                "spridx" : 1
            }
        }
    }
}